Ai,C1,C2,C3,C4,C5,C6,C7,C8,C9,C10,C11,Year,Pref
A1,0.14593908629441624,0.3014804845222073,0.6647058823529411,0.6845360824742268,0.43223223223223217,1.0,0.6753105273874975,0.4415895257418209,0.06170971964353537,0.9500000000000001,0.5007299270072992,2010,0.43470949380574864
A2,0.20685279187817254,0.31897711978465687,0.7019607843137254,0.3577319587628866,0.07185757185757184,0.4483886034563288,0.07432294848299735,0.05722165863555668,0.035996928940174644,0.9227272727272727,0.4773722627737227,2010,0.31437494796285326
A3,0.045685279187817264,0.010767160161507383,0.13333333333333333,0.028865979381443276,0.18517088517088517,0.13993460999532928,0.12549378945225007,0.336577479076845,0.09860318940321353,0.0,0.10364963503649627,2010,0.12941204539397938
A4,0.027284263959390872,0.07671601615074024,0.46862745098039216,0.30515463917525765,0.344973544973545,0.1049042503503036,0.38168397475056004,0.4720549074308902,0.08793109350268719,0.8818181818181818,0.40875912408759124,2010,0.3387168359416299
A5,0.10088832487309646,0.16419919246298792,0.23431372549019608,0.488659793814433,0.07410267410267408,0.18626809901914992,0.013826104663001425,0.2490647983768704,0.0,0.593939393939394,0.30072992700729917,2010,0.22106443645999152
A6,0.15418781725888323,0.17496635262449534,0.5323529411764706,0.1670103092783505,0.13633633633633632,0.4876226062587576,0.07619629403380167,0.17429622115140755,0.12267449536977418,0.9287878787878787,0.597080291970803,2010,0.32781525840838177
A7,0.125,0.2274562584118439,0.7205882352941176,1.0,0.298998998998999,0.10742643624474543,0.33295662797800857,0.432237509510525,0.1901400070745221,0.9787878787878787,0.5357664233576642,2010,0.3986740430207826
A8,0.16180203045685276,0.14535666218034993,0.592156862745098,0.056701030927835024,0.3374231374231374,0.04044838860345633,0.10447973936061902,0.6350177529799644,0.1401146594204434,0.9606060606060606,0.36350364963503656,2010,0.35395753481241826
A9,0.315989847715736,0.5087483176312247,0.8990196078431373,0.33402061855670095,0.4459745459745459,0.40980850070060715,0.27676644267969863,0.6478728125792543,0.08440035274806061,0.9863636363636363,0.36058394160583945,2010,0.4008987910613365
A10,0.14593908629441624,0.17092866756393002,0.5235294117647059,0.5649484536082474,0.16719576719576718,0.6143858010275572,0.15050906129097943,0.20701242708597514,0.08474918863055834,0.9212121212121211,0.5167883211678833,2010,0.340870436677014
A11,0.14086294416243655,0.21803499327052492,0.6019607843137255,0.5845360824742267,0.15283855283855283,0.5990658570761327,0.18538994094889025,0.14194458534111082,0.06625273648709226,0.9318181818181818,0.45693430656934303,2010,0.34020639322874274
A12,0.05203045685279189,0.08075370121130551,0.24803921568627452,0.5536082474226802,0.1301015301015301,0.17888836992059787,0.12497454693545103,0.2466079127567842,0.052247138812230115,0.7742424242424243,0.4350364963503649,2010,0.27461084044186285
A13,0.05266497461928934,0.0847913862718708,0.48823529411764705,0.19587628865979378,0.1682110682110682,0.5757122839794488,0.07199144777031154,0.2373985544002029,0.0712440237404009,0.8454545454545455,0.5927007299270072,2010,0.30720817530709693
A14,1.0,0.967698519515478,1.0,0.0,1.0,0.018122372723026622,0.9406129097943392,1.0,0.14144479998174317,0.9863636363636363,1.0,2010,0.5234789343722052
A15,0.10152284263959391,0.2018842530282638,0.6049019607843137,0.9443298969072164,0.06829686829686829,0.2326950023353573,0.15892893504377928,0.018719883337560226,0.021438736105654894,0.9045454545454545,0.4905109489051094,2010,0.31404320611434716
A16,0.07550761421319796,0.1426648721399731,0.4215686274509804,0.7329896907216495,0.1722293722293722,0.4592246613731901,0.2042252087151293,0.19880167385239664,0.02944729073514717,0.8318181818181818,0.4729927007299271,2010,0.3110242608458623
A17,0.03426395939086294,0.11440107671601615,0.4852941176470588,0.18865979381443299,0.4203632203632203,0.3716020551144325,0.42780492771329676,0.5967061881815876,0.0898024187041236,0.7181818181818181,0.41605839416058393,2010,0.3385546574773695
A18,0.022842639593908632,0.059219380888290714,0.34019607843137256,0.20927835051546387,0.26685256685256686,0.3544138253152732,0.07502545306454897,0.46655465381689065,0.035194932425273315,0.6257575757575757,0.0,2010,0.258401827920656
A19,0.47335025380710655,1.0,0.8274509803921568,0.7505154639175258,0.026783926783926777,0.1955161139654367,0.0382203217267359,0.025424803449150386,0.0058144747330345845,1.0,0.291970802919708,2010,0.35233684465169407
A20,0.0387055837563452,0.013458950201884238,0.0,0.10309278350515463,0.0,0.0,0.0,0.06628835911742328,0.0026081187476465714,0.790909090909091,0.543065693430657,2010,0.2382133837904224
A21,0.17068527918781726,0.29878869448183043,0.5725490196078431,0.4680412371134019,0.042013442013442,0.31732835123773934,0.09742414986764407,0.0,0.11794728013966477,0.9727272727272728,0.39708029197080297,2010,0.3288908373608248
A22,0.2982233502538071,0.38896366083445494,0.7852941176470588,0.7824742268041236,0.871013871013871,0.5035964502568893,1.0,0.48546474765407044,1.0,0.996969696969697,0.5649635036496351,2010,0.7703273622894293
A23,0.05774111675126904,0.0847913862718708,0.40294117647058825,0.17628865979381442,0.11871871871871872,0.6202709014479215,0.06635104866625942,0.13809282272381435,0.11258433596481648,0.7833333333333333,0.45547445255474456,2010,0.2979842600131017
A24,0.03236040609137057,0.08209959623149395,0.11176470588235295,0.554639175257732,0.33134563134563133,0.5183559084539935,0.41311341885563024,0.48684377377631244,0.04142996630636593,0.5515151515151515,0.5781021897810218,2010,0.2981096567942681
A25,0.0,0.0,0.2284313725490196,0.1783505154639175,0.3125268125268125,0.12760392340028026,0.308959478721238,0.38243406036013183,0.1291833817193697,0.703030303030303,0.5576642335766424,2010,0.29290420273617307
A26,0.09263959390862943,0.13862718707940783,0.2568627450980392,0.20824742268041235,0.11611611611611612,0.4943484353106025,0.18063530849114234,0.07605249809789501,0.05898912577489654,0.9409090909090909,0.5167883211678833,2010,0.3144221339765257
A27,0.11421319796954316,0.18304172274562588,0.4892156862745098,0.32474226804123707,0.2874588874588874,0.29126576366184026,0.3275096721645287,0.4190495815369008,0.08371898172523795,0.9363636363636363,0.3591240875912408,2010,0.3476854457434947
A28,0.06408629441624367,0.10901749663526245,0.1931372549019608,0.6072164948453608,0.18308308308308308,0.4687529191966371,0.3025453064548972,0.14896652295206694,0.03852843419960911,0.8939393939393939,0.5416058394160583,2010,0.32174988634397356
A29,0.2233502538071066,0.33781965006729475,0.7019607843137254,0.5463917525773196,0.6452166452166451,0.8992993928070996,0.5674506210547751,0.8554717220390565,0.1021176294156673,0.9757575757575758,0.4875912408759125,2010,0.4662121616115108
A30,0.10406091370558375,0.15746971736204574,0.5470588235294118,0.7041237113402061,0.041226941226941226,0.3126576366184026,0.07300957035227042,0.0015692366218615229,0.1167589560352683,0.9151515151515152,0.3854014598540147,2010,0.3185293417545024
A1,0.12721893491124264,0.29264909847434123,0.6178535606820461,0.6709916589434661,0.4216159436747671,0.8441112414139721,0.6290724915349084,0.4321790553649868,0.046241443399109246,0.9603524229074889,0.4455172413793103,2011,0.40675078631535244
A2,0.16686390532544382,0.2857142857142857,0.5626880641925778,0.37720111214087115,0.06319554848966613,0.40224493214943874,0.08095188413494826,0.04726279354928835,0.03666513630774092,0.8634361233480176,0.4510344827586205,2011,0.2821766868904754
A3,0.0514792899408284,0.01803051317614426,0.1584754262788365,0.025023169601482834,0.17462525550760843,0.0752219802311945,0.11540030161334686,0.3274248374128859,0.09531724931023132,0.0,0.0,2011,0.11952657574326032
A4,0.021301775147929,0.06934812760055478,0.45336008024072216,0.2919369786839666,0.3341329775153304,0.08619534260345116,0.3522426564737795,0.4679249383022646,0.0762635425693201,0.8039647577092511,0.33379310344827573,2011,0.29614269664879544
A5,0.08579881656804735,0.1567267683772538,0.2547642928786359,0.4578313253012048,0.062386441062911635,0.0,0.02837821175533277,0.2530616046067643,0.013340694802635356,0.4339207048458149,0.27586206896551724,2011,0.16697772374695863
A6,0.13195266272189352,0.16643550624133152,0.49047141424272817,0.17794253938832252,0.1291023166023166,0.10763947059809012,0.09632657706790092,0.18183370326105516,0.10698094629325909,0.8788546255506607,0.5006896551724137,2011,0.27823800716155633
A7,0.0988165680473373,0.2122052704576977,0.6439317953861585,1.0,0.3057432432432432,0.302311945049422,0.3359479479859247,0.4379530321138654,0.15834786190159153,0.9691629955947136,0.5158620689655171,2011,0.37720724058760646
A8,0.1514792899408284,0.14147018030513175,0.5416248746238717,0.08341056533827619,0.3359215307744719,0.037275925615681015,0.11139775971470031,0.6344700203330902,0.12939750605623554,0.9537444933920705,0.2689655172413793,2011,0.32740351264103335
A9,0.2775147928994083,0.48682385575589454,0.7823470411233701,0.33827618164967566,0.4355269134680898,0.0841011894789747,0.27040869556969827,0.6528163658093656,0.06995265728866654,0.9801762114537446,0.4234482758620688,2011,0.35532758278719123
A10,0.12781065088757398,0.1608876560332871,0.4453360080240722,0.5449490268767376,0.12722859414035884,0.0826771653543307,0.14915633625145824,0.17989352290188898,0.07713008985814901,0.8876651982378855,0.5048275862068965,2011,0.2838003338723473
A11,0.12130177514792899,0.2094313453536755,0.5346038114343029,0.6005560704355885,0.1507494889847831,0.5412129334896968,0.19420864435233748,0.1386685706303258,0.05830962753228885,0.9052863436123347,0.36137931034482745,2011,0.31807251223651745
A12,0.04378698224852071,0.07905686546463246,0.3340020060180542,0.45319740500463396,0.13205484896661368,0.050259674987435075,0.1266776056832301,0.2551414779517905,0.05406398868616963,0.6101321585903083,0.34896551724137925,2011,0.21718618263442596
A13,0.04674556213017753,0.08599167822468795,0.4954864593781344,0.19833178869323442,0.17207017942312058,0.517172055620707,0.0561968264205704,0.254086019836404,0.07532761244816585,0.751101321585903,0.5420689655172414,2011,0.2774995108386429
A14,1.0,1.0,1.0,0.0,1.0,0.07304406098173898,0.8864492141928998,1.0,0.12977542105783724,0.9757709251101321,1.0,2011,0.4903004900232874
A15,0.07692307692307693,0.17753120665742028,0.5205616850551655,0.9582947173308618,0.06749659323188735,0.32199698441950075,0.16880862727988388,0.015273099787356234,0.016161771240373123,0.8700440528634361,0.43448275862068964,2011,0.294738727437125
A16,0.06331360946745564,0.130374479889043,0.3811434302908726,0.7025023169601482,0.156583579377697,0.4238565923940358,0.21903009494181136,0.15746503794992783,0.02944636928495825,0.6277533039647577,0.4041379310344827,2011,0.25835736970016643
A17,0.02485207100591717,0.10402219140083217,0.48044132397191575,0.20852641334569044,0.44895525777878714,0.3426034511643491,0.4196029706069257,0.636953451192823,0.061170562192851795,0.5242290748898678,0.4193103448275861,2011,0.29111709363981536
A18,0.01715976331360947,0.062413314840499334,0.3420260782347041,0.2048192771084337,0.25682773109243695,0.3206567264198358,0.08124590972465924,0.4519068092569885,0.03350452686075161,0.22246696035242278,0.12965517241379299,2011,0.17741408200562517
A19,0.41893491124260357,0.9916782246879333,0.7582748244734202,0.706209453197405,0.014265841471723821,0.19768805495057798,0.034344085817533405,0.01649929377434926,0.005915255513351753,1.0,0.22758620689655173,2011,0.3285149486135592
A20,0.033727810650887584,0.006934812760055485,0.0,0.11677479147358664,0.0,0.16887250795778186,0.0,0.12965061232092137,0.0,0.63215859030837,0.47310344827586204,2011,0.19158209408933088
A21,0.13964497041420115,0.2732316227461859,0.45235707121364094,0.4670991658943466,0.0379570747217806,0.42452672139386827,0.08807489116310832,0.00023282164309994453,0.10620444906340558,0.9845814977973568,0.3503448275862068,2011,0.31558029601371435
A22,0.21597633136094674,0.37170596393897365,0.7011033099297894,0.8637627432808155,0.8912673177379059,0.22474451331881384,1.0,0.481133686187468,1.0,0.9933920704845814,0.3282758620689655,2011,0.728075450908845
A23,0.052071005917159775,0.07905686546463246,0.3650952858575727,0.1825764596848934,0.12047183738360208,0.5794940526051264,0.07231132567602173,0.14849364396914339,0.09932078635844943,0.7202643171806167,0.4041379310344827,2011,0.27530384395268614
A24,0.02485207100591717,0.07073509015256588,0.09829488465396188,0.5097312326227988,0.3229758119464001,0.05821745686044563,0.42990335094325305,0.489096186381486,0.034703226006457026,0.4295154185022026,0.4924137931034481,2011,0.23851451257585848
A25,0.0,0.0,0.22567703109327983,0.1686746987951807,0.2823784919373154,0.4636455017590886,0.2909620327601415,0.32025393080540776,0.11833463487653546,0.6762114537444933,0.4,2011,0.28515876525468203
A26,0.07692307692307693,0.12066574202496534,0.22868605817452356,0.21594068582020387,0.12062798092209857,0.4797285977550679,0.17879601263361564,0.08668725844754528,0.052209843209561235,0.9251101321585904,0.43310344827586195,2011,0.29584296196111026
A27,0.10650887573964499,0.18446601941747573,0.47141424272818455,0.303985171455051,0.2709374290256643,0.2074886915731278,0.2901463488661045,0.4363388020550391,0.07819740449157885,0.9008810572687225,0.3048275862068965,2011,0.31227595683525083
A28,0.05680473372781067,0.10124826629681001,0.16950852557673018,0.5505097312326228,0.16077106518282988,0.06424861785893785,0.29474642664061534,0.15204805438713584,0.037347154787193984,0.8766519823788546,0.45517241379310347,2011,0.2780186279809368
A29,0.19940828402366867,0.32038834951456313,0.649949849548646,0.5189990732159407,0.6498694072223483,1.0,0.5612094884903208,0.8512890558306301,0.09569516431183303,0.9779735682819384,0.5282758620689655,2011,0.45664539545674426
A30,0.07928994082840238,0.13314840499306518,0.43329989969909727,0.71177015755329,0.03608335225982285,0.27098341430725414,0.07732873009399333,0.0,0.09500724091047992,0.8766519823788546,0.3406896551724136,2011,0.28793285210161684
A1,0.12812690665039655,0.282258064516129,0.5756731662024142,0.6399647887323944,0.4215339024906512,0.7280975538941715,0.6409106721812067,0.45103259364131604,0.058470898971795124,0.9433551198257081,0.4357034795763994,2012,0.40571626632917207
A2,0.15680292861500916,0.2755376344086022,0.5506035283194057,0.38204225352112675,0.05960629365695336,0.35675401030703346,0.09878821846855551,0.0513988489120064,0.03837531050529826,0.869281045751634,0.35098335854765517,2012,0.28906737300568974
A3,0.04758999389871873,0.017473118279569908,0.1392757660167131,0.027288732394366185,0.1830946165243773,0.04718008274660667,0.1420606084032314,0.3612231079375827,0.10080809986479264,0.0,0.0,2012,0.12865556597835648
A4,0.01586333129957291,0.0577956989247312,0.39740018570102137,0.28873239436619713,0.33719043251252384,0.07614139507875445,0.36381469599165084,0.50453971869133,0.08035562682765778,0.7908496732026143,0.2904689863842663,2012,0.30482677162071653
A5,0.07504575960951801,0.12365591397849461,0.2181987000928505,0.44542253521126757,0.059959077118464675,0.0,0.03683661242317652,0.27693822904804405,0.006642455114297385,0.3442265795206972,0.2072617246596067,2012,0.15267551661949416
A6,0.13300793166564975,0.15994623655913978,0.4688950789229341,0.16461267605633803,0.14043604035842797,0.45358205705160776,0.10196745390591781,0.19206857283555442,0.11879382448196713,0.8671023965141612,0.4826021180030258,2012,0.3082661569931517
A7,0.09334960341671751,0.19220430107526884,0.5784586815227484,1.0,0.3189585832216186,0.45568701458953326,0.36335085617100227,0.4529408143793666,0.1631732855391001,0.9586056644880174,0.5521936459909229,2012,0.396672036563884
A8,0.14887126296522266,0.1424731182795699,0.5218198700092851,0.09242957746478873,0.3206660551753333,0.03273571895187632,0.1406497622820919,0.6070911944846266,0.12628682828663962,0.9215686274509803,0.18608169440242056,2012,0.3297223353452862
A9,0.2702867602196461,0.4731182795698925,0.776230269266481,0.3283450704225352,0.4425315741198052,0.07614139507875445,0.27052491206370066,0.6842202456064755,0.0846838348583467,0.9803921568627452,0.4553706505295007,2012,0.3717580483654502
A10,0.13117754728492986,0.16397849462365593,0.4605385329619313,0.5140845070422535,0.1464333592041205,0.5382158670247514,0.14913416566812257,0.19730079098827363,0.08296229915416785,0.8823529411764706,0.43872919818456885,2012,0.3210206514804004
A11,0.12690665039658328,0.20833333333333337,0.5236768802228412,0.5625000000000001,0.1508078741268609,0.5314654859548523,0.21732828263306406,0.14857960666030595,0.06250668175958243,0.9106753812636166,0.2965204236006051,2012,0.326754228108306
A12,0.04514948139109213,0.055107526881720444,0.2683379758588672,0.39788732394366194,0.15351725111126788,0.06554402264643973,0.14735611302230295,0.3132252008248438,0.05515831839763545,0.4444444444444444,0.32677760968229946,2012,0.19159298123750773
A13,0.040878584502745584,0.07123655913978495,0.4373259052924791,0.1963028169014084,0.17876243561701824,0.4353632866371489,0.04775617486761238,0.300775599396756,0.07990912806967897,0.6862745098039216,0.5173978819969743,2012,0.2654381706802523
A14,1.0,1.0,1.0,0.0,1.0,0.09711838571532265,0.9113196242897452,1.0,0.13721818696349403,0.9803921568627452,1.0,2012,0.5075176003136618
A15,0.08053691275167785,0.16263440860215053,0.4428969359331476,0.891725352112676,0.058801947364707535,0.2935326994265805,0.1809265200417456,0.016635375950263157,0.027142093513190576,0.8300653594771242,0.38880484114977315,2012,0.29218281605015173
A16,0.059182428309945086,0.12365591397849461,0.37604456824512533,0.6698943661971831,0.17750652649403795,0.4467590912390216,0.2541938850450311,0.20337939737157984,0.03437411564946704,0.5490196078431373,0.346444780635401,2012,0.25651342697898183
A17,0.03172666259914583,0.114247311827957,0.4688950789229341,0.20246478873239437,0.4635151344104988,0.2899760470349133,0.4228866298171698,0.669369979378905,0.07009558846649688,0.579520697167756,0.4644478063540092,2012,0.30707285722122674
A18,0.02074435631482612,0.06854838709677419,0.31754874651810583,0.20070422535211263,0.262118111902914,0.3609639253828845,0.09432376019481271,0.4734695761903296,0.03685029714177907,0.27015250544662306,0.054462934947049846,2012,0.1941929669934957
A19,0.4063453325198292,0.9032258064516128,0.6973073351903436,0.698943661971831,0.003527834615113243,0.20519706757639544,0.03425650342081867,0.017912652734603438,0.005444454925635937,1.0,0.14220877458396378,2012,0.3358911051036326
A20,0.039658328248932284,0.01075268817204302,0.0,0.12940140845070422,0.0,0.23343253248167237,0.0,0.14817949586039214,0.0,0.5315904139433552,0.38880484114977315,2012,0.17895682651303457
A21,0.1415497254423429,0.26344086021505375,0.4428969359331476,0.4383802816901408,0.025358075213433987,0.3786746025985338,0.08924084882687178,0.0,0.11058390717856806,0.9651416122004357,0.31467473524962175,2012,0.3169755896044257
A22,0.2525930445393532,0.3602150537634409,0.6787372330547818,0.75,0.875890778240316,0.21826232126007114,1.0,0.4647440829768244,1.0,0.9978213507625272,0.41149773071104395,2012,0.7226826867679432
A23,0.04758999389871873,0.07526881720430108,0.34818941504178275,0.18573943661971834,0.1142030621604459,0.47419612397474054,0.0917533145220517,0.14971838355236833,0.10902273370436752,0.7254901960784313,0.3131618759455371,2012,0.2723892096344572
A24,0.02074435631482612,0.05241935483870969,0.07799442896935933,0.4894366197183099,0.30638538065335497,0.05857588734847936,0.4482818599976808,0.452202148287218,0.03382070873816936,0.42483660130718953,0.40090771558245086,2012,0.23868981828095465
A25,0.0,0.0,0.2135561745589601,0.1681338028169014,0.2817046496860227,0.3601654932133266,0.31359437207684276,0.3382013480656182,0.1234317517215357,0.6862745098039216,0.32526475037821484,2012,0.28618091764401576
A26,0.07443563148261134,0.10483870967741936,0.1959145775301764,0.21919014084507038,0.1071191702532985,0.40618422007693983,0.1830137992346643,0.07748299529100368,0.06186208848221866,0.8932461873638344,0.4251134644478063,2012,0.29200216088053077
A27,0.10128126906650396,0.16935483870967744,0.40668523676880225,0.2878521126760563,0.2637268044874056,0.2360455832184075,0.29494414595493024,0.45209442614877965,0.07728830613464138,0.8801742919389978,0.232980332829047,2012,0.3180278515683003
A28,0.059182428309945086,0.08870967741935486,0.14856081708449395,0.5008802816901409,0.16054469766457347,0.06307614139507876,0.31234780255884964,0.1569819334584962,0.044313429550671316,0.8148148148148148,0.4145234493192134,2012,0.27505487615076757
A29,0.20256253813300795,0.3077956989247312,0.6258124419684308,0.48591549295774644,0.6567558032879417,1.0,0.5668895674693673,0.8751192637961281,0.11132440335817376,0.9760348583877996,0.5431164901664146,2012,0.4674228072926019
A30,0.08541793776693106,0.13440860215053763,0.4373259052924791,0.6672535211267606,0.022564030198264307,0.12266821514117733,0.09074832824397974,0.001938998491890067,0.09053548407382953,0.8366013071895425,0.24810892586989422,2012,0.27947225942031434
A1,0.1316249271986022,0.28314028314028317,0.6062322946175638,0.6290748898678414,0.41498563177511594,0.621981569919957,0.6392079433485848,0.4721203405987947,0.07449658599301562,0.959090909090909,0.39939485627836613,2013,0.418372557938349
A2,0.16482236458940008,0.2818532818532818,0.607176581680831,0.36387665198237884,0.05942185677298204,0.3121006255465124,0.10419000246805764,0.05876460228466175,0.04580155324287228,0.8886363636363637,0.36157337367624814,2013,0.30614155785603636
A3,0.0436808386721025,0.01544401544401543,0.12653446647780925,0.03876651982378852,0.21913676842973798,0.3657765520952445,0.16242667021054427,0.40768447754923987,0.11435620341574439,0.0,0.04992435703479593,2013,0.1706987191100902
A4,0.02096680256260919,0.05791505791505791,0.3890462700661001,0.29427312775330394,0.34919054257831394,0.15248537028317752,0.3845043950411026,0.5381396325798581,0.09851972826936777,0.7954545454545454,0.2753403933434191,2013,0.3311168325478004
A5,0.058823529411764684,0.10167310167310166,0.17186024551463644,0.4731277533039648,0.07019091245340998,0.045671621712517665,0.04825052683538056,0.29947811475012526,0.014017408829508138,0.3272727272727272,0.16792738275340405,2013,0.16205758113972404
A6,0.13686662783925452,0.1557271557271557,0.48819641170915956,0.16123348017621145,0.14841949526275358,0.4033766059056972,0.10641125434283219,0.22142153140198093,0.13301422937262194,0.8795454545454544,0.5068078668683812,2013,0.3218943287911298
A7,0.0960978450786255,0.18275418275418273,0.5901794145420207,1.0,0.3368566307223945,0.40411649963005314,0.3940633721261368,0.495661727876428,0.15955140121966052,0.9340909090909091,0.45234493192133135,2013,0.4080954013941553
A8,0.1758881770529994,0.14157014157014156,0.5042492917847026,0.06960352422907487,0.3110080518963212,0.0,0.1079965067491884,0.6319174031765523,0.15570130479350905,0.9545454545454546,0.151285930408472,2013,0.3554898497823355
A9,0.25393127548048916,0.44401544401544407,0.7337110481586402,0.3303964757709251,0.47139158391896896,0.6872267437949822,0.27501756117935183,0.7556833788434505,0.09464878294560175,0.993181818181818,0.37216338880484123,2013,0.42657173888775757
A10,0.1333721607454863,0.166023166023166,0.493862134088763,0.5136563876651983,0.14775087489686178,0.4810654469630726,0.1462419076187041,0.2198381024704723,0.09749986969438991,0.8704545454545454,0.3978819969742815,2013,0.328851961171373
A11,0.13395457192778099,0.21235521235521237,0.5675165250236072,0.548898678414097,0.14604375906905284,0.46081926414205965,0.22509634917320065,0.1520576497390574,0.072498566638289,0.9,0.2496217851739788,2013,0.33425796993876566
A12,0.03610949330227141,0.039897039897039875,0.1643059490084986,0.45198237885462555,0.1683216206219592,0.03578395103248806,0.18671805289237367,0.3783425700021005,0.07364699341522317,0.35,0.281391830559758,2013,0.19424083643050513
A13,0.0436808386721025,0.07593307593307592,0.42870632672332387,0.21409691629955946,0.1808262440606595,0.39638124705724087,0.04773793024889412,0.31825305779515606,0.09384957520371111,0.6886363636363636,0.49773071104387295,2013,0.2743432121326598
A14,1.0,1.0,1.0,0.0,1.0,0.10701553776821149,0.9031951853890987,1.0,0.1574682488663412,0.9886363636363636,1.0,2013,0.5402119256267763
A15,0.07687827606290039,0.16216216216216217,0.42965061378659114,0.9497797356828194,0.05728796198822089,0.2993206430349095,0.18405065213676836,0.019114249244639767,0.021750612436367413,0.7931818181818181,0.3252647503782148,2013,0.30073839210114767
A16,0.05824111822947,0.11325611325611325,0.3720491029272899,0.6854625550660792,0.18845136142487268,0.33382659581623725,0.28222239097830004,0.22765830249955568,0.0476101951109335,0.5931818181818181,0.36157337367624814,2013,0.27094663258291324
A17,0.037856726849155496,0.1068211068211068,0.43059490084985835,0.21409691629955946,0.47718155176828747,0.240869038810789,0.4472310291800353,0.7375708907595612,0.08384036694059802,0.5409090909090909,0.41149773071104384,2013,0.32243414259837333
A18,0.025626092020966797,0.06821106821106822,0.3040604343720491,0.23436123348017623,0.273067402623268,0.29508306988632543,0.10990450515444344,0.531111147016529,0.049660336709696475,0.3568181818181818,0.0,2013,0.21741332490132573
A19,0.37216074548631334,0.8378378378378378,0.7016052880075543,0.7497797356828194,0.0,0.24389587677406338,0.035672925407704136,0.02145707776574947,0.012227878450926903,0.984090909090909,0.13464447806354016,2013,0.35242527119223016
A20,0.0302853814793244,0.019305019305019294,0.0,0.15859030837004406,0.003784106751643093,0.2042106679222439,0.0,0.18414632175922183,0.0,0.4772727272727273,0.3645990922844176,2013,0.17258538133793405
A21,0.1409435061153174,0.2574002574002574,0.4768649669499528,0.4511013215859031,0.01702848038239394,0.32925270733840045,0.07916769502401609,0.0,0.13968761401740884,0.9545454545454546,0.24357034795764004,2013,0.3294352509152142
A22,0.2661619103086779,0.34362934362934366,0.6704438149197356,0.707488986784141,0.8960366460864371,0.18443532656218473,1.0,0.4646232893312437,1.0,1.0,0.44478063540090773,2013,0.7159634619752646
A23,0.0547466511357018,0.07335907335907334,0.34466477809254015,0.18502202643171803,0.11321023131419468,0.4182417434586669,0.0864294799992406,0.16582378698033642,0.13531803255902844,0.7613636363636364,0.2919818456883511,2013,0.2872395739908532
A24,0.028538147932440288,0.05405405405405405,0.07365439093484419,0.4801762114537445,0.31590178393604007,0.032084482410708284,0.45117992140185675,0.4948376985345204,0.053498271278906134,0.38636363636363635,0.41906202723146746,2013,0.2507989727425931
A25,0.0,0.0,0.20018885741265344,0.2114537444933921,0.2900958830056619,0.3361135400551557,0.34120896854175764,0.358582023234396,0.1491078409229112,0.6863636363636364,0.2844175491679275,2013,0.303123160550107
A26,0.08037274315666859,0.11196911196911195,0.210576015108593,0.21497797356828197,0.09444618317352832,0.387704311562521,0.1825318474360678,0.06257775767074374,0.07525409593967719,0.8977272727272727,0.4054462934947051,2013,0.3032975916867691
A27,0.0995923121723937,0.16087516087516085,0.40415486307837584,0.29251101321585904,0.2797820582126498,0.22338064168964825,0.29910960074421433,0.5027225283159102,0.09847281824973506,0.9090909090909091,0.21785173978819974,2013,0.3452907677208272
A28,0.0559114735002912,0.08365508365508365,0.1369216241737488,0.5383259911894274,0.16483625914018266,0.03376605905697182,0.32707459229586316,0.16100887043350406,0.05933943742724603,0.8386363636363636,0.41149773071104384,2013,0.297992797809288
A29,0.1933605125218404,0.2895752895752896,0.5920679886685553,0.5030837004405286,0.6637693117478021,1.0,0.5711275226396826,0.9323811216493513,0.12396233299164307,1.0,0.5234493192133132,2013,0.48535226547359034
A30,0.08561444379732092,0.13384813384813382,0.4457034938621341,0.6977973568281939,0.028878709420434176,0.09141050649088586,0.11326486055474341,0.0115687256628589,0.09795680803377521,0.7795454545454544,0.21633888048411512,2013,0.2843259218372215
A1,0.12315851502651738,0.25954198473282447,0.5572139303482587,0.6172839506172839,0.4240652161231989,0.4457851658087925,0.6341267017471582,0.45813204508856675,0.0487991750278367,0.9348370927318296,0.4270015698587128,2014,0.3687507244371281
A2,0.14908662345315266,0.25190839694656486,0.4925373134328358,0.37530864197530867,0.05201831651402905,0.22896801957640703,0.09438961817194433,0.0455072463768116,0.02674000429546066,0.8796992481203009,0.3657770800627943,2014,0.2751296180893116
A3,0.051856216853270486,0.019083969465648845,0.12935323383084577,0.027160493827160504,0.19802543312139065,0.22462239473462153,0.14375198966311492,0.37993558776167463,0.09517796459139048,0.0,0.0,2014,0.13870954044051048
A4,0.016499705362404245,0.048346055979643754,0.354228855721393,0.29218106995884774,0.34045966283614304,0.09425364948105644,0.3923896556244265,0.5039291465378422,0.08141725830798452,0.7719298245614036,0.2637362637362637,2014,0.2962038588730203
A5,0.06423099587507367,0.10305343511450381,0.17412935323383086,0.4197530864197531,0.06814734877209357,0.09543498438950299,0.03807044811894908,0.27795491143317225,0.006962606643950479,0.32581453634085217,0.13029827315541598,2014,0.14588306591138878
A6,0.12905126694166177,0.14631043256997459,0.4507462686567164,0.1654320987654321,0.15462579478504346,0.27757151295249344,0.09884646354937174,0.23515297906602248,0.10271025289905512,0.8621553884711779,0.48979591836734704,2014,0.2888220687136
A7,0.08780200353565115,0.16921119592875317,0.5621890547263682,1.0,0.36223239806334945,0.25896548814446035,0.4228385236231531,0.5328341384863124,0.13016616730667,0.9423558897243108,0.5086342229199371,2014,0.3765100587655746
A8,0.16676487919858576,0.13486005089058523,0.5034825870646766,0.08395061728395063,0.3158577845184623,0.0,0.10003557985805508,0.6442673107890499,0.13114102362960334,0.9724310776942355,0.08791208791208782,2014,0.3338349032862056
A9,0.2634060106069535,0.43256997455470747,0.7651741293532338,0.2946502057613169,0.49817709852417896,1.0,0.26011685174434934,0.7573268921095008,0.07269077100472651,0.9774436090225564,0.488226059654631,2014,0.4106126629482156
A10,0.12433706540954628,0.13994910941475827,0.39800995024875624,0.5094650205761317,0.14424254797876684,0.3303940595730318,0.14168274002359504,0.21130434782608692,0.07831447341764823,0.8671679197994988,0.46153846153846145,2014,0.29506304549778245
A11,0.12492634060106071,0.19083969465648853,0.48955223880597015,0.5555555555555556,0.1445779618503179,0.27347903130537504,0.23257055111327501,0.13673107890499192,0.05464983617844134,0.8922305764411028,0.2370486656200941,2014,0.2982056295372974
A12,0.03712433706540955,0.04325699745547072,0.18208955223880596,0.42962962962962964,0.16350697077524354,0.03830900345962367,0.17406041085372928,0.3694847020933977,0.04905050517359296,0.19047619047619052,0.31868131868131866,2014,0.14872671341639665
A13,0.04242781378903948,0.06997455470737912,0.38407960199004976,0.2139917695473251,0.14797585020124832,0.2777402750822715,0.03719031478811258,0.2634138486312399,0.05759573012930554,0.7243107769423559,0.4960753532182103,2014,0.2471334894057249
A14,1.0,1.0,1.0,0.0,1.0,0.07754619863302674,0.8776052882904815,1.0,0.12749597490963538,0.9699248120300753,1.0,2014,0.48859526039470724
A15,0.0789628756629346,0.1590330788804071,0.39104477611940297,0.9679012345679014,0.05898909175756868,0.20192388827947005,0.18714069024924626,0.021513687600644125,0.017527612043740568,0.7919799498746868,0.33908948194662475,2014,0.27878490881353696
A16,0.04949911608721274,0.0979643765903308,0.3144278606965174,0.6839506172839506,0.18390888409263256,0.19416083030967846,0.2817082077114661,0.22526570048309177,0.0332761112981278,0.5639097744360902,0.34379905808477224,2014,0.23623361420912542
A17,0.04007071302298173,0.1094147582697201,0.4487562189054726,0.20576131687242802,0.49813334888875926,0.15429077714960762,0.4466583022789835,0.7604669887278582,0.08692215010654873,0.5939849624060151,0.42229199372056503,2014,0.30651647849172736
A18,0.026517383618149676,0.07251908396946563,0.30646766169154227,0.23127572016460904,0.278845592953392,0.16610412623407309,0.09711428624932117,0.574927536231884,0.03461044589014282,0.3508771929824562,0.03610675039246464,2014,0.19658072634438886
A19,0.35474366529169127,0.7760814249363869,0.6676616915422886,0.7448559670781895,0.0,0.21656400303771833,0.024587554540177144,0.03454106280193237,0.0015643397557070996,1.0,0.14285714285714277,2014,0.3262044406003436
A20,0.031820860341779604,0.02290076335877862,0.0,0.16131687242798357,0.003981216823193135,0.1792675723567631,0.0,0.16268921095008052,0.0,0.45614035087719296,0.35949764521193084,2014,0.15427801813411507
A21,0.12905126694166177,0.22010178117048346,0.3691542288557214,0.45514403292181077,0.013766551945400454,0.25926082187157196,0.061712327484504025,0.0,0.10161201632275055,0.949874686716792,0.207221350078493,2014,0.29892036549820966
A22,0.21508544490276962,0.3244274809160305,0.6487562189054726,0.7967078189300412,0.9323776468529429,0.24208927516665257,1.0,0.4183896940418679,1.0,1.0,0.24646781789638939,2014,0.730934452833147
A23,0.04949911608721274,0.06743002544529263,0.32935323383084575,0.19423868312757206,0.1040366330280581,0.24896633195510925,0.08452088912192654,0.14995169082125603,0.1039471018587768,0.7894736842105263,0.2762951334379905,2014,0.2623410022604525
A24,0.02828520919269299,0.05470737913486005,0.09651741293532339,0.44279835390946504,0.36511987400104995,0.13707703991224368,0.45618059586899123,0.5721256038647343,0.04177107022468915,0.3057644110275689,0.4364207221350078,2014,0.23178983503353676
A25,0.0,0.0,0.2009950248756219,0.21069958847736625,0.2971183573470221,0.17960509661631927,0.3590382202580476,0.3512721417069243,0.12337111409322367,0.6917293233082707,0.26059654631083196,2014,0.2752047073762621
A26,0.0724808485562758,0.09541984732824428,0.1890547263681592,0.23127572016460904,0.10561161990316746,0.31782128090456496,0.18292728600588,0.06344605475040258,0.054107572348809675,0.8621553884711779,0.41758241758241754,2014,0.2723522260345439
A27,0.09369475545079553,0.14631043256997459,0.34228855721393037,0.2979423868312758,0.26232281397655016,0.10370432874862878,0.28653021478998525,0.4785185185185184,0.07992298635048825,0.87468671679198,0.31868131868131866,2014,0.30479884386930756
A28,0.05539186800235711,0.07888040712468193,0.1472636815920398,0.5193415637860083,0.16637986350113748,0.025567462661378788,0.3164266586768038,0.17120772946859902,0.03825092497109702,0.7368421052631579,0.3673469387755101,2014,0.2541076163363202
A29,0.19033588685916328,0.27099236641221375,0.573134328358209,0.48971193415637865,0.6807443271306073,0.7768542739009365,0.5606730211044737,0.928196457326892,0.09949931988539344,0.9874686716791979,0.5478806907378335,2014,0.4348780148926281
A30,0.0760164997053624,0.11704834605597962,0.382089552238806,0.720164609053498,0.03304555795368372,0.06277951227744494,0.1322447145184547,0.00879227053140097,0.07750717052521906,0.7794486215538847,0.2386185243328101,2014,0.26504684207408274
A1,0.13204005006257824,0.254278728606357,0.5839126117179742,0.5098870056497176,0.4257787999163704,0.45533976562176487,0.65525078522796,0.4373259488719923,0.054941509032754056,0.9457364341085271,0.4492063492063492,2015,0.3705076290663328
A2,0.15644555694618273,0.2555012224938875,0.5471698113207547,0.317090395480226,0.04589169977001882,0.14526481427802393,0.10984412493415789,0.04167840045057731,0.019588191471486122,0.8785529715762274,0.3317460317460316,2015,0.2738648108471636
A3,0.05944931163954943,0.02689486552567237,0.12611717974180736,0.011299435028248598,0.19823183297989902,0.2517288500559029,0.14302854132932755,0.3696298382302325,0.0905178759161751,0.0,0.0,2015,0.1379133619242647
A4,0.02127659574468084,0.05745721271393643,0.3952333664349553,0.23375706214689265,0.358143424628894,0.08066586608141124,0.40087594373670965,0.5216370975312119,0.07216835168037924,0.7571059431524548,0.33650793650793637,2015,0.2955407849471243
A5,0.0707133917396746,0.10635696821515891,0.20456802383316783,0.3531073446327684,0.07341477255756997,0.08729139922978177,0.040324625919350744,0.2939391094840264,0.0,0.28165374677002586,0.16666666666666669,2015,0.1361559810002546
A6,0.13704630788485608,0.14547677261613692,0.45978152929493543,0.14548022598870056,0.15057793972700934,0.2535922812538821,0.09520279365574824,0.22699396101254735,0.09699671522698244,0.8837209302325582,0.511111111111111,2015,0.29283441515075037
A7,0.08823529411764705,0.1699266503667482,0.5988083416087389,0.8728813559322035,0.38054418924165945,0.24924427512526398,0.4582609883142473,0.5359679589474015,0.12529275223532596,0.9198966408268734,0.6142857142857142,2015,0.37376262974078045
A8,0.15707133917396743,0.1259168704156479,0.46971201588877853,0.09604519774011298,0.3584122338042472,0.0,0.11549191361517001,0.7001627084702274,0.12808681674416392,0.9612403100775194,0.15555555555555553,2015,0.34002345711353493
A9,0.2590738423028786,0.4058679706601467,0.7199602780536246,0.26200564971751417,0.5113497207371345,1.0,0.27209855830195673,0.740636440439313,0.07341594088895564,0.9689922480620154,0.5682539682539682,2015,0.4077177276995175
A10,0.13266583229036297,0.13814180929095354,0.41807348560079444,0.423728813559322,0.1465906036259371,0.32933040705619276,0.14152636610156266,0.21278825995807132,0.07641074978773141,0.8708010335917312,0.4920634920634921,2015,0.2959855162469447
A11,0.1295369211514393,0.18337408312958436,0.49056603773584906,0.4717514124293785,0.14812878946268032,0.2549173878835562,0.25917399871242125,0.1276948590381426,0.05232290999067655,0.9069767441860465,0.2650793650793649,2015,0.3007272131821525
A12,0.03817271589486859,0.05256723716381417,0.2313803376365442,0.3566384180790961,0.15983692243361905,0.028448382955815976,0.1734036949608849,0.33291091711255044,0.039066345277376714,0.25839793281653756,0.41904761904761895,2015,0.15076711968599155
A13,0.05131414267834794,0.08190709046454767,0.42502482621648463,0.16666666666666666,0.14199097995878257,0.2797631371899457,0.029546030940907936,0.25121249100409904,0.06460103167746474,0.7648578811369509,0.5253968253968254,2015,0.25882991675775013
A14,1.0,1.0,1.0,0.0,1.0,0.23528924593150852,0.8661698433445834,1.0,0.12029942141005835,0.9767441860465117,1.0,2015,0.48985910850286857
A15,0.08948685857321652,0.16014669926650368,0.41211519364448856,1.0,0.06116902123592485,0.22895357985837922,0.2088706373514895,0.014174410964047696,0.012700428403398079,0.7803617571059431,0.384126984126984,2015,0.2837661935135963
A16,0.056946182728410503,0.09902200488997553,0.3535253227408143,0.5550847457627119,0.18725545831964396,0.252267174624208,0.2843110478159933,0.21867079695860323,0.030169651314429658,0.5736434108527132,0.3825396825396825,2015,0.23621434803922645
A17,0.03817271589486859,0.1002444987775061,0.37735849056603776,0.18149717514124292,0.48611152594008533,0.13358731210402086,0.4671667414502819,0.7268688006508339,0.06860997149429664,0.6382428940568475,0.41269841269841273,2015,0.30486189817186427
A18,0.027534418022528154,0.06968215158924204,0.2869910625620655,0.18573446327683618,0.310041516083749,0.17263654809722967,0.1095514933962816,0.6383647798742139,0.03251613018348038,0.20930232558139536,0.09999999999999996,2015,0.18815761545656887
A19,0.3579474342928661,0.7212713936430318,0.7090367428003972,0.6546610169491525,0.0,0.2603420431487846,0.018387014963225968,0.02471917143840546,0.0020133918813020715,0.9896640826873385,0.2396825396825396,2015,0.3243774493065414
A20,0.008760951188986227,0.02444987775061124,0.0,0.1306497175141243,0.0019712672859233545,0.17665327756842933,0.0,0.14645326824994526,3.4200896063471115e-05,0.648578811369509,0.6174603174603174,2015,0.20288261985209227
A21,0.13892365456821024,0.21760391198044007,0.38232373386295926,0.3834745762711864,0.010856903915653658,0.21466727400720526,0.06562749956105268,0.0,0.07177429787790876,0.937984496124031,0.19999999999999993,2015,0.29065677173962673
A22,0.22903629536921152,0.3105134474327628,0.663356504468719,0.6680790960451978,0.9491651981720975,0.3021657211478736,1.0,0.42861165868769363,1.0,1.0,0.3063492063492063,2015,0.7385385851322833
A23,0.05131414267834794,0.06601466992665035,0.31976166832174774,0.16525423728813562,0.10295391416027,0.21835272682098636,0.08865760159191555,0.14889389530335742,0.1003290720999499,0.8191214470284238,0.3063492063492063,2015,0.26862785690732655
A24,0.033792240300375455,0.05378973105134474,0.08639523336643495,0.3594632768361582,0.3812162121800424,0.29061244772040246,0.47117579351918687,0.5447917644481993,0.03126556698394193,0.3979328165374677,0.39206349206349195,2015,0.24580089357740217
A25,0.0,0.0,0.1916583912611718,0.17725988700564974,0.2956602252023536,0.21015362954987785,0.3789480871651808,0.32241309177383526,0.11989941962566378,0.6744186046511628,0.29047619047619044,2015,0.27284932336301343
A26,0.07884856070087609,0.09168704156479218,0.18570009930486595,0.19420903954802257,0.1179176249215973,0.3403039463331815,0.1789344310267465,0.08625113426577805,0.05534151081714864,0.8630490956072352,0.46031746031746035,2015,0.2763737901755276
A27,0.09511889862327909,0.14425427872860633,0.3833167825223436,0.2570621468926554,0.2671963203010663,0.07573812580231065,0.2771220663688328,0.48299383585218564,0.0713980880212105,0.8682170542635659,0.3238095238095237,2015,0.303458304279992
A28,0.06195244055068836,0.07701711491442542,0.14895729890764647,0.4371468926553673,0.16776679310653803,0.027951467969688188,0.3185782009013052,0.18106010826371288,0.036566705873780865,0.7390180878552971,0.36666666666666664,2015,0.2542638264947814
A29,0.18272841051314143,0.2628361858190709,0.5729890764647467,0.4604519774011299,0.7053702099698336,0.8727897635512857,0.5991240562632905,0.906739885478269,0.10001234206249249,0.9819121447028423,0.5158730158730159,2015,0.4399617278263598
A30,0.07822277847309135,0.11491442542787286,0.3902681231380338,0.6122881355932204,0.05074519876945132,0.17006915400223607,0.17130650227277158,0.015097468631684357,0.08874537730279838,0.8113695090439277,0.35079365079365077,2015,0.277731059027923
A1,0.14247130317353138,0.25552825552825553,0.5686813186813187,0.5256124721603564,0.40028585721432147,0.38853381300470746,0.6685781193707218,0.387225712838624,0.05476059013362443,0.9530026109660573,0.3946902654867256,2016,0.35452556872005814
A2,0.1836596893990547,0.25552825552825553,0.5128205128205128,0.2962138084632517,0.04830986922032445,0.21424470894408512,0.10127697049757814,0.04181895336262713,0.0353849763477298,0.8981723237597912,0.3823008849557521,2016,0.2740574342326805
A3,0.06212018906144496,0.02702702702702705,0.1336996336996337,0.005196733481811422,0.19146716215250487,0.2591756286118872,0.13443216844802047,0.33945217855529547,0.08795525527170957,0.0,0.0,2016,0.13007514120657593
A4,0.02498311951384199,0.05651105651105653,0.3727106227106227,0.24053452115812918,0.32733509611948836,0.030119790271346012,0.40984147952443856,0.44411591584192306,0.07396480047655775,0.7806788511749347,0.2584070796460176,2016,0.28566880397862526
A5,0.08642808912896689,0.11670761670761672,0.20512820512820512,0.348181143281366,0.06387479454012722,0.08572850089938383,0.028751851407069363,0.2669021121651404,0.007354893638543856,0.38903394255874674,0.10442477876106179,2016,0.15299119328427255
A6,0.14854827819041186,0.1498771498771499,0.45879120879120877,0.14922048997772833,0.13666833416708357,0.23211757051551918,0.07907009327088586,0.20104581605136,0.09592411042315575,0.9242819843342037,0.4442477876106194,2016,0.2910520377515201
A7,0.09858203916272788,0.17199017199017197,0.5778388278388278,0.9138827023014106,0.3766311727292218,0.24114968043170426,0.4803951002762099,0.49123239292020865,0.12299882967977058,0.9530026109660573,0.5681415929203539,2016,0.36892432811998827
A8,0.1971640783254558,0.12653562653562656,0.49175824175824173,0.04677060133630289,0.3411419995712142,0.0,0.10487970857851965,0.6375234418846591,0.13066983622541517,0.9530026109660573,0.2707964601769911,2016,0.32933787848597307
A9,0.29034436191762325,0.4238329238329238,0.7344322344322345,0.2576095025983668,0.47992567712427653,0.32083126028550657,0.27022537128217444,0.6640658152300385,0.07714559879511808,0.9791122715404699,0.4991150442477877,2016,0.3604648704270876
A10,0.137744767049291,0.1375921375921376,0.4184981684981685,0.44840386043058644,0.14417208604302154,0.30517815454093156,0.13505264000640485,0.2043447907683463,0.07541330006420603,0.8929503916449086,0.4106194690265487,2016,0.2910820847593367
A11,0.13841998649561105,0.18427518427518427,0.47802197802197804,0.49072011878247956,0.13613949832058886,0.25190401469631446,0.26579200192146035,0.10741516433274471,0.052438213976124325,0.9268929503916448,0.20530973451327422,2016,0.29585471147555936
A12,0.03916272788656314,0.05282555282555284,0.21428571428571427,0.36748329621380843,0.1433145144000572,0.04565808105935934,0.16956887234298068,0.27692223454204484,0.039570311237743586,0.26370757180156656,0.4371681415929204,2016,0.14238950490649568
A13,0.057393652937204595,0.08353808353808355,0.42032967032967034,0.1633259094283593,0.1288215536339599,0.2807991120976693,0.015792001921460304,0.21676043420530303,0.06357803282235436,0.783289817232376,0.48318584070796455,2016,0.2534412522996513
A14,1.0,1.0,1.0,0.0,1.0,0.2245015117302614,0.8966414475001001,1.0,0.11533906270415624,0.9817232375979111,1.0,2016,0.47561899145125286
A15,0.10330857528696825,0.16461916461916465,0.3965201465201465,1.0,0.05467019223897664,0.18094837154119944,0.2137124214402946,0.014386815052085476,0.04495406528223262,0.8694516971279374,0.35929203539823,2016,0.2949807234691315
A16,0.059419311276164746,0.09582309582309582,0.3305860805860806,0.5835189309576837,0.17224326448938757,0.26725094722339165,0.2831952283735639,0.18746663381380643,0.03290805610231379,0.6031331592689295,0.33274336283185835,2016,0.23453622047854333
A17,0.04253882511816339,0.10073710073710074,0.3791208791208791,0.1789161098737936,0.454141356392482,0.07723219411381989,0.4557163444217605,0.6381668103979302,0.07576032178888994,0.7467362924281984,0.35575221238938043,2016,0.30426496769046363
A18,0.03713706954760296,0.07985257985257986,0.3021978021978022,0.1766889383815887,0.28941613663974847,0.1231581767384898,0.11166486529762619,0.5663148672881333,0.03693884690441165,0.2584856396866841,0.005309734513274286,2016,0.17781465731343324
A19,0.3760972316002701,0.7137592137592138,0.6694139194139194,0.7126948775055679,0.0,0.21179532320410274,0.009607301549177374,0.02554309884604328,0.006718452985581031,0.9791122715404699,0.23185840707964592,2016,0.31399396606309504
A20,0.0,0.017199017199017213,0.0,0.10987379361544174,0.012063174444365046,0.1851582532817942,0.0,0.1596512121336564,0.0,0.8511749347258485,0.784070796460177,2016,0.24267188018374727
A21,0.15192437542201215,0.2199017199017199,0.37362637362637363,0.3942093541202673,0.006889158865146863,0.16571625397068393,0.06841199311476723,0.0,0.07743782761590454,0.9556135770234986,0.16106194690265477,2016,0.28721892251394626
A22,0.2302498311951384,0.3108108108108108,0.6254578754578755,0.732739420935412,0.9128993067962554,0.5102376669600828,1.0,0.37170273636948514,1.0,1.0,0.22123893805309736,2016,0.7609926737076789
A23,0.06347062795408508,0.07616707616707617,0.3241758241758242,0.15367483296213807,0.08621453583934827,0.13559646369933792,0.07633801689283855,0.13314990486359218,0.0987902007808691,0.8381201044386423,0.2707964601769911,2016,0.26256325237857686
A24,0.03713706954760296,0.05405405405405407,0.09432234432234432,0.37193763919821826,0.36446794825984424,0.27616824218301506,0.48312717665425725,0.4985832204016263,0.0405116252277769,0.4360313315926893,0.37522123893805315,2016,0.24055967718696647
A25,0.0,0.0,0.18864468864468864,0.18782479584261322,0.28111198456371045,0.2196027402502966,0.3702613986629839,0.2966750167686474,0.11123661964311554,0.6631853785900783,0.28849557522123886,2016,0.2596446597657426
A26,0.08575286968264687,0.09705159705159705,0.18681318681318682,0.19376391982182628,0.09526191667262204,0.2806842971411076,0.16811776950482366,0.06415889833408621,0.0569354469344775,0.8903394255874673,0.41769911504424767,2016,0.2702176410244499
A27,0.10871033085752868,0.1511056511056511,0.3708791208791209,0.2516703786191537,0.23741870935467738,0.04477783305905316,0.263620351467115,0.4157392577991322,0.07314009702558827,0.8981723237597912,0.21946902654867242,2016,0.29572850054425875
A28,0.06684672518568532,0.07862407862407864,0.12637362637362637,0.45879732739420936,0.16652612020295865,0.18125454475869723,0.3098554901725311,0.1465511341081133,0.041590623950680757,0.7597911227154046,0.39292035398230096,2016,0.2551019461380337
A29,0.20324105334233628,0.26044226044226043,0.5512820512820513,0.45360059391239793,0.6750946902022441,1.0,0.5919999199391537,0.7969556349499678,0.09522023235001142,0.9556135770234986,0.5699115044247788,2016,0.4195815236708452
A30,0.07900067521944631,0.1117936117936118,0.37454212454212454,0.6525612472160356,0.052426213106553286,0.17581997014811132,0.18594131539970374,0.01987598045254815,0.09193546800867129,0.8642297650130548,0.35929203539823,2016,0.2845290410827156
A1,0.13485342019543975,0.24939172749391728,0.5758454106280193,0.46736292428198434,0.39674569282874395,0.35140964995269636,0.6609901434606045,0.3850875136201261,0.05619593023339324,0.9551820728291316,0.38372093023255827,2017,0.36099360040971795
A2,0.16938110749185664,0.2408759124087591,0.5033816425120773,0.26501305483028725,0.043322043881608,0.23538315988647115,0.10579964491969879,0.03379170517082051,0.03992347103663135,0.8599439775910364,0.39534883720930225,2017,0.27527032178525346
A3,0.060586319218241036,0.025547445255474446,0.1285024154589372,0.00652741514360311,0.18408187306729498,0.2594512771996216,0.12424749505132339,0.33246900128270557,0.09148141285565932,0.0,0.0,2017,0.1303175276196498
A4,0.023452768729641697,0.05961070559610705,0.3710144927536232,0.21409921671018275,0.3104991901045502,0.028647114474929045,0.40397526682039875,0.425872032881398,0.07167408543723347,0.8151260504201681,0.2923588039867111,2017,0.29632353611772316
A5,0.08338762214983712,0.11800486618004867,0.2,0.32180156657963443,0.06308349285819467,0.08113528855250711,0.02108034201987633,0.2850916513799429,0.010234025225256281,0.380952380952381,0.17275747508305656,2017,0.15666267037250675
A6,0.14006514657980457,0.14841849148418493,0.46859903381642515,0.13577023498694515,0.12671182447356796,0.2345884578997162,0.06947533824459727,0.19279202239907317,0.09464139257433496,0.9355742296918766,0.495016611295681,2017,0.30084880467158936
A7,0.08859934853420195,0.16301703163017028,0.5661835748792271,0.8342036553524804,0.4151524075982919,0.2466982024597919,0.5417525457625043,0.528433306208019,0.1317237545729934,0.9467787114845937,0.6544850498338871,2017,0.3846326609258339
A8,0.17133550488599347,0.12043795620437958,0.5014492753623189,0.056135770234986934,0.34374907966426155,0.0,0.10956472052731465,0.6408976180295988,0.14143494679025062,0.9411764705882353,0.16112956810631232,2017,0.3381259501828538
A9,0.2716612377850163,0.413625304136253,0.8222222222222222,0.2356396866840731,0.5103961125018406,0.6908987701040681,0.2877272820031426,0.6736686757789333,0.08490434597756127,0.9663865546218486,0.5863787375415281,2017,0.38968859396979455
A10,0.12442996742671009,0.1265206812652068,0.4048309178743961,0.4086161879895561,0.14214401413635694,0.3159129612109745,0.13354284431565416,0.20480531840061791,0.07792940892579364,0.8851540616246498,0.41196013289036537,2017,0.29803524022079614
A11,0.12703583061889248,0.17639902676399027,0.4753623188405797,0.4471279373368146,0.1366809011927551,0.25017975402081366,0.2833193886088607,0.1051818545439499,0.05615140324644826,0.9299719887955182,0.2724252491694353,2017,0.30578372105174134
A12,0.032573289902280145,0.04136253041362531,0.20772946859903382,0.31070496083550914,0.16353997938447948,0.1356291390728477,0.17978491112789013,0.31027681613174624,0.045632979846511185,0.3025210084033613,0.4186046511627907,2017,0.15912547178322795
A13,0.05472312703583062,0.0851581508515815,0.43285024154589374,0.14621409921671016,0.10840818730672949,0.2767833491012299,0.006815909230047141,0.19519192309283756,0.058038772951148156,0.8319327731092436,0.495016611295681,2017,0.26910848075372906
A14,1.0,1.0,1.0,0.0,1.0,0.2490823084200568,0.8829153317143849,1.0,0.1215974559290556,0.9887955182072827,1.0,2017,0.48598460847795927
A15,0.08664495114006515,0.15450121654501214,0.3690821256038647,1.0,0.06370195847445148,0.2658467360454116,0.23950574454625229,0.012054673599713111,0.051952939283862416,0.8991596638655461,0.37375415282392027,2017,0.31461256516590436
A16,0.052117263843648204,0.08637469586374695,0.336231884057971,0.5045691906005222,0.17777941393020175,0.229593188268685,0.2781360324878069,0.1976883715156614,0.037450068729558895,0.5966386554621849,0.41196013289036537,2017,0.23675130191757307
A17,0.041693811074918555,0.10583941605839417,0.4067632850241546,0.162532637075718,0.48319835075835665,0.07012298959318827,0.4847356284309124,0.6735169579189827,0.08474347428279234,0.7507002801120448,0.4186046511627907,2017,0.32075134561597574
A18,0.03387622149837135,0.0851581508515815,0.30917874396135264,0.1573107049608355,0.29221027830952734,0.1469441816461684,0.11642144358508663,0.5619767457898294,0.04465194977930415,0.21288515406162467,0.12458471760797342,2017,0.17760630745638875
A19,0.3602605863192182,0.708029197080292,0.6772946859903382,0.6142297650130548,0.0,0.22936613055818356,0.012346182886762034,0.023447305628732606,0.010731003853738907,0.969187675070028,0.27076411960132885,2017,0.31961387124118257
A20,0.0045602605863192215,0.015815085158150863,0.0,0.08289817232375979,0.01509350611102931,0.24253547776726586,0.0,0.18708191385184061,0.0,0.8459383753501399,0.8023255813953488,2017,0.2528328164568521
A21,0.13876221498371333,0.21167883211678834,0.3545893719806763,0.3603133159268929,0.004609041378294798,0.20529801324503313,0.07108748443972818,0.0,0.07346378304153794,0.9551820728291316,0.22757475083056483,2017,0.29507834517143283
A22,0.22605863192182407,0.2992700729927007,0.6434782608695652,0.6220626631853786,0.9400971874539833,0.7118637653736992,1.0,0.3684537191564487,1.0,1.0,0.35714285714285715,2017,0.7644850294636213
A23,0.06188925081433224,0.08272506082725062,0.3217391304347826,0.1377284595300261,0.07163893388308054,0.14437086092715234,0.06363896087994614,0.1245327779540157,0.09305134823407409,0.8543417366946778,0.29734219269102996,2017,0.2717375861382073
A24,0.035830618892508145,0.05109489051094892,0.07439613526570048,0.32441253263707576,0.35954940362244153,0.2837086092715232,0.4828581923555701,0.4864902141980332,0.03603382327382518,0.45098039215686275,0.318936877076412,2017,0.24484518619639492
A25,0.0,0.0,0.1932367149758454,0.17362924281984332,0.2688852893535562,0.2323935666982025,0.3583454074240353,0.2873122491483111,0.11455931928291443,0.7058823529411764,0.32558139534883734,2017,0.2739556027982304
A26,0.08534201954397395,0.1046228710462287,0.18647342995169083,0.16579634464751955,0.07761743484022972,0.2472280037842952,0.14792971858865786,0.05637008123801773,0.054878793232472536,0.9019607843137255,0.45182724252491696,2017,0.27821876017322067
A27,0.1042345276872964,0.14720194647201945,0.3526570048309179,0.22911227154046998,0.2277131497570314,0.08151371807000948,0.2610044283003081,0.3984524778285037,0.0750969180143262,0.9131652661064426,0.2724252491694353,2017,0.30617295197859135
A28,0.06644951140065147,0.07664233576642336,0.11014492753623188,0.3988250652741514,0.16085996171403327,0.20363292336802274,0.3022263943023897,0.1442009296167055,0.041911385550561835,0.7983193277310924,0.3903654485049834,2017,0.26927677445835213
A29,0.19218241042345277,0.24452554744525548,0.5507246376811594,0.3988250652741514,0.6949786482108673,1.0,0.6026569801848867,0.7981738686675034,0.10972885937659346,0.9635854341736694,0.6079734219269104,2017,0.43523269685653576
A30,0.06644951140065147,0.10097323600973236,0.3497584541062802,0.5985639686684073,0.053953762332498906,0.1671523178807947,0.21310940146521645,0.016661379529122937,0.09692088703503413,0.8571428571428571,0.4003322259136214,2017,0.29133229826846896
A1,0.11718275652701884,0.22196796338672772,0.4376012965964344,0.46338535414165677,0.37819401252525836,0.27104079073541343,0.6707221112523455,0.3797042919676374,0.05104525022842812,0.9786585365853657,0.29913043478260853,2018,0.37327960774684127
A2,0.1457194899817851,0.22540045766590394,0.41085899513776336,0.25570228091236497,0.029779733157540227,0.1522091908239286,0.11281601194439402,0.02886609115179768,0.022318499303984166,0.8689024390243902,0.2521739130434783,2018,0.2830132880973377
A3,0.05707346690953249,0.02288329519450801,0.09562398703403566,0.015006002400960387,0.18898235858926038,0.2026259496938851,0.14781187579444346,0.3671278916911735,0.09382722863047384,0.0,0.055652173913043286,2018,0.1321304590981662
A4,0.020036429872495452,0.052631578947368425,0.2941653160453809,0.21968787515006008,0.295977299760673,0.0,0.4079252668321127,0.41320522029028717,0.06873693053945827,0.7926829268292683,0.25043478260869556,2018,0.30283966631031844
A5,0.07650273224043717,0.10640732265446227,0.15316045380875204,0.31452581032412974,0.09285028446953954,0.0029136239581028316,0.016685834190827826,0.42018458035750583,0.007720563435558747,0.3597560975609757,0.14086956521739122,2018,0.17154130123859943
A6,0.12993321190042503,0.13386727688787187,0.3760129659643436,0.13805522208883556,0.11100760973931986,0.1465663494873497,0.06060972903173739,0.19626231552128365,0.09297790532958038,0.9451219512195121,0.44869565217391305,2018,0.31106633637455405
A7,0.08075288403157256,0.1498855835240275,0.46110210696920584,0.7863145258103242,0.39791341234468824,0.15999114848417792,0.551732138893933,0.5259320494924719,0.11470923708078078,0.9359756097560975,0.582608695652174,2018,0.3881068713358173
A8,0.1766848816029144,0.1178489702517163,0.41572123176661263,0.07202881152460984,0.32353573424669313,0.027034004573283178,0.12081593123902912,0.6438900107062028,0.14763201304953058,0.9573170731707317,0.08347826086956518,2018,0.35588063605182985
A9,0.2586520947176685,0.397025171624714,0.6750405186385737,0.22028811524609848,0.4842144484730364,0.4493619532344914,0.29090248774287275,0.6605998184011167,0.08082062414531095,0.9756097560975608,0.49565217391304356,2018,0.38841720377112204
A10,0.11475409836065575,0.11212814645308926,0.3192868719611021,0.3931572629051622,0.12883532294816494,0.23533967691967247,0.13546395496640642,0.20404125276125168,0.07770081743535025,0.875,0.382608695652174,2018,0.3037527624324772
A11,0.11232544019429266,0.1590389016018307,0.3841166936790924,0.436374549819928,0.1327906676793878,0.19764697204396253,0.3015152432257935,0.1092303730908401,0.05219965536484108,0.9451219512195121,0.21043478260869558,2018,0.31979349593140227
A12,0.026715239829993926,0.03089244851258582,0.13452188006482982,0.30672268907563033,0.1520084839278293,0.05628088810208747,0.18459334584266493,0.3247503015354592,0.04115691937867555,0.33536585365853666,0.3599999999999998,2018,0.16881994747192344
A13,0.05039465695203401,0.07894736842105264,0.3209076175040519,0.15366146458583435,0.07387609452700669,0.19045511543851887,0.006083166878518238,0.1632221604846251,0.06040926958196124,0.8414634146341463,0.4243478260869564,2018,0.2768970570602296
A14,1.0,1.0,1.0,0.0,1.0,0.21446485210592314,0.9159453624679701,1.0,0.12016851555457439,0.9969512195121951,1.0,2018,0.507935859012997
A15,0.08075288403157256,0.15331807780320367,0.33225283630470015,1.0,0.0508462431390533,0.1698015785203216,0.25839840203377523,0.002995026358942391,0.04594777734851691,0.8932926829268293,0.3130434782608696,2018,0.324879966490125
A16,0.04675166970248938,0.08237986270022885,0.26661264181523503,0.4831932773109245,0.14907063729775433,0.1872464409530132,0.2645824506184049,0.17779072761522718,0.03248431664734994,0.5975609756097561,0.3199999999999999,2018,0.24029181134022756
A17,0.04614450516089862,0.10983981693363846,0.3565640194489465,0.16566626650660266,0.46754754295705014,0.07918418529173121,0.4619978613078305,0.6674843133800431,0.08158102912228415,0.798780487804878,0.3182608695652174,2018,0.3386824576799432
A18,0.036429872495446276,0.08924485125858125,0.27633711507293357,0.1554621848739496,0.2479399246191548,0.06457918418529174,0.10799386639226846,0.5401347084253749,0.036226551624752405,0.17682926829268303,0.0,2018,0.16656382488281032
A19,0.3442622950819672,0.6807780320366135,0.5040518638573744,0.5570228091236495,0.022184324796858657,0.14807848344028918,0.014244496902931622,0.029841846345661276,0.0035935267460185964,0.9634146341463414,0.18434782608695643,2018,0.3270839706685086
A20,0.0012143290831815434,0.017162471395881024,0.0,0.08823529411764706,0.0074520987689706015,0.20052371468614,0.0,0.2258466709130087,0.0,0.7957317073170731,0.7739130434782608,2018,0.25374558526361296
A21,0.12507589556769885,0.1979405034324943,0.2925445705024311,0.35834333733493406,0.0,0.2545179612008557,0.07533845812400379,0.0,0.05830589129888209,0.9603658536585366,0.14086956521739122,2018,0.3071875429778148
A22,0.21615057680631455,0.27917620137299776,0.5380875202593193,0.5762304921968788,0.9196463119276573,0.654127019252047,1.0,0.36508151621515395,1.0,1.0,0.2799999999999999,2018,0.7433244464013417
A23,0.06496660595021253,0.08695652173913045,0.320097244732577,0.1350540216086435,0.108084094068416,0.11573356937375524,0.05370942033371668,0.20752415671712585,0.08281975335896634,0.871951219512195,0.2799999999999999,2018,0.2894561834801365
A24,0.03217972070431088,0.04919908466819222,0.06564019448946515,0.3271308523409365,0.3268748477335588,0.2380688942981486,0.44876218146601293,0.4711271327704671,0.033534472714339146,0.4359756097560976,0.28869565217391296,2018,0.24171135782762776
A25,0.0,0.0,0.1620745542949757,0.177671068427371,0.23618853809885498,0.13867374787932432,0.3439057361338095,0.26120424453509333,0.11227624776937653,0.7347560975609756,0.23130434782608694,2018,0.2830186377563578
A26,0.07468123861566485,0.09496567505720827,0.14505672609400325,0.17286914765906367,0.06451797818828016,0.1624990779671019,0.13917640175130644,0.06015801813278402,0.051891507380220886,0.8810975609756098,0.35826086956521735,2018,0.2826405672464183
A27,0.09350333940497876,0.1350114416475973,0.2625607779578606,0.23109243697478996,0.20040413304862495,0.10688205355167074,0.24820934971652245,0.35475477374676445,0.07100281472487444,0.9268292682926829,0.18260869565217394,2018,0.3179990257423017
A28,0.06010928961748636,0.07322654462242566,0.1012965964343598,0.38355342136854753,0.1379928058584961,0.1606918934867596,0.2777576014365555,0.13519630297198768,0.03668340784075648,0.75,0.32869565217391294,2018,0.26653513616159125
A29,0.18032786885245902,0.22082379862700235,0.4351701782820097,0.3805522208883554,0.6667048825577896,1.0,0.590410185017049,0.7743837157299869,0.10496654831331138,0.9573170731707317,0.5599999999999998,2018,0.43596509571035746
A30,0.060716454159077116,0.09382151029748284,0.3055105348460292,0.5660264105642258,0.05365511113658837,0.14501733421848492,0.23831285434699276,0.01875618317093333,0.09507208516535742,0.8628048780487805,0.32869565217391294,2018,0.3040704033693987
A1,0.12676962676962678,0.2519280205655527,0.5189753320683111,0.43268124280782516,0.3732079479082247,0.24950913199718444,0.6563908313908313,0.37001019422684833,0.03860466446068584,0.9725085910652921,0.3269896193771625,2019,0.3719649586610602
A2,0.1640926640926641,0.2416452442159383,0.45445920303605314,0.24395857307249716,0.04028449263616802,0.1297002926684696,0.1294871794871795,0.026491576349393718,0.0296227411644148,0.9003436426116839,0.29411764705882354,2019,0.2937677863208032
A3,0.06113256113256113,0.023136246786632383,0.09962049335863378,0.013808975834292303,0.20261017801749437,0.16956247916126402,0.15563325563325564,0.3900633115141109,0.08904277586422234,0.0,0.09515570934256055,2019,0.1349206936202109
A4,0.023166023166023175,0.060411311053984576,0.32732447817836813,0.21001150747986194,0.2993041388368779,0.09406142333197497,0.41081973581973585,0.40841291984118466,0.06178852980256021,0.8075601374570446,0.2768166089965398,2019,0.30891383846624704
A5,0.07850707850707851,0.11696658097686378,0.1954459203036053,0.31645569620253167,0.09405304194729341,0.0,0.022057109557109558,0.3850600922845799,0.006750361519026967,0.31271477663230246,0.1314878892733563,2019,0.16024247713947803
A6,0.1325611325611326,0.14652956298200517,0.4240986717267552,0.13693901035673187,0.12845485286309144,0.16763605379172378,0.06373348873348875,0.21847837750831633,0.08495283324079049,0.9381443298969072,0.4999999999999999,2019,0.31246634037336646
A7,0.07915057915057917,0.15809768637532134,0.5218216318785579,0.7882623705408516,0.4188301707514743,0.14055495869299447,0.5619949494949495,0.5493883463890975,0.08814894734386969,0.9381443298969072,0.6816608996539791,2019,0.38988569244153143
A8,0.12162162162162163,0.12339331619537276,0.4857685009487666,0.11047180667433833,0.34491238856440215,0.108435520320083,0.1409576534576535,0.6149935615409378,0.13910018252760864,0.9484536082474226,0.3944636678200692,2019,0.35699696959036226
A9,0.2664092664092664,0.43059125964010286,0.7732447817836812,0.21461449942462604,0.49851884973311356,0.4075501055829289,0.29607614607614613,0.6779160854168902,0.08302222382730151,0.9725085910652921,0.5692041522491348,2019,0.39432371612923733
A10,0.11840411840411842,0.11953727506426738,0.36432637571157495,0.38492520138089764,0.1415197160662885,0.2197606786944763,0.14475524475524476,0.21482991737310866,0.07481976715315618,0.8213058419243987,0.39965397923875423,2019,0.2949924546160443
A11,0.11389961389961392,0.17352185089974295,0.4648956356736243,0.42865362485615655,0.14280524271302017,0.15981921238839697,0.3216686091686092,0.1094538040562292,0.04547841644885239,0.9484536082474226,0.2785467128027681,2019,0.32336754710803406
A12,0.02702702702702704,0.035989717223650394,0.1698292220113852,0.29344073647871116,0.17587960763491045,0.027155188382173175,0.23125485625485628,0.31795257001824223,0.03486232181739114,0.4192439862542956,0.47923875432525936,2019,0.1932362608862047
A13,0.05469755469755469,0.08611825192802057,0.3567362428842505,0.15247410817031073,0.07808177067322473,0.17563812840366022,0.02412587412587412,0.1584934005794613,0.04148026429636585,0.8487972508591066,0.43771626297577854,2019,0.27741076166541734
A14,1.0,1.0,1.0,0.0,1.0,0.22139073093024114,0.9047688422688424,1.0,0.1221445263536461,1.0,1.0,2019,0.5123577057252838
A15,0.08494208494208495,0.16452442159383032,0.35958254269449713,1.0,0.0689293798731241,0.2074982402845182,0.28141996891996895,0.0,0.043003083256966675,0.865979381443299,0.39965397923875423,2019,0.32586462001781935
A16,0.0501930501930502,0.08997429305912596,0.2998102466793169,0.4643268124280783,0.15559064360171035,0.21231430370836885,0.266938616938617,0.17913670994741923,0.029785255440842564,0.6529209621993127,0.3529411764705881,2019,0.2553469956225027
A17,0.04633204633204633,0.11568123393316194,0.3946869070208729,0.15189873417721517,0.47345108012184567,0.045863742451746764,0.4461732711732712,0.6895187251851056,0.08030161445895538,0.7594501718213058,0.32525951557093424,2019,0.33538623090904895
A18,0.037966537966537976,0.09768637532133677,0.2969639468690702,0.15535097813578827,0.2575105497023727,0.027155188382173175,0.1097999222999223,0.5503272883356582,0.033219121911288285,0.11683848797250866,0.0,2019,0.16383459256560026
A19,0.36036036036036034,0.7519280205655527,0.5113851992409867,0.5420023014959725,0.0,0.16267180380098542,0.032808857808857804,0.031427728297027564,0.003361637903144514,0.9518900343642612,0.17820069204152245,2019,0.32995368216667853
A20,0.004504504504504509,0.020565552699228783,0.0,0.08170310701956271,0.016544169018807817,0.20694254065868925,0.0,0.23148943019637297,0.0,0.7663230240549828,0.7577854671280276,2019,0.24879101118463015
A21,0.1287001287001287,0.20951156812339333,0.3225806451612903,0.3515535097813579,0.025710532934633754,0.33379024191457046,0.10436091686091688,0.011709947419250983,0.04961801621230384,0.9312714776632303,0.17647058823529393,2019,0.3052985732776669
A22,0.2046332046332046,0.3059125964010283,0.6157495256166983,0.5989643268124282,0.9412290752592014,0.8280665357685325,1.0,0.3895267732589333,1.0,1.0,0.2543252595155707,2019,0.7526875076449866
A23,0.06306306306306309,0.09125964010282776,0.3301707779886148,0.14326812428078253,0.11641002710784452,0.10684251472604009,0.06673465423465423,0.2100681403584075,0.07830930981089658,0.8900343642611684,0.31833910034602064,2019,0.29476644852593464
A24,0.030888030888030903,0.056555269922879174,0.07210626185958255,0.3176064441887227,0.3294441494564459,0.2138702626606898,0.44958236208236213,0.47366938512715945,0.03523851227208502,0.38487972508591073,0.4134948096885812,2019,0.23553791780745262
A25,0.0,0.0,0.18500948766603414,0.17836593785960875,0.2409524075678395,0.1678212870003334,0.3412101787101787,0.26015398647923593,0.10081302281068442,0.7147766323024055,0.2975778546712801,2019,0.27888043891784176
A26,0.08172458172458175,0.10539845758354754,0.2656546489563567,0.16570771001150747,0.13760724366319202,0.1849368354758641,0.141977466977467,0.17909646957828093,0.04140502620542708,0.7663230240549828,0.43079584775086494,2019,0.2647059981555794
A27,0.09395109395109397,0.14010282776349614,0.2855787476280835,0.2330264672036824,0.20850683285358973,0.17289667691623753,0.24424048174048174,0.34590621311299485,0.06795805325953982,0.9553264604810996,0.22145328719723179,2019,0.3264685666526376
A28,0.057915057915057924,0.07712082262210798,0.0967741935483871,0.38204833141542005,0.15099348852807204,0.15907827955395845,0.28793706293706295,0.14565672282433734,0.033495998085942974,0.7766323024054983,0.39619377162629743,2019,0.2754411022014347
A29,0.17953667953667954,0.2365038560411311,0.484819734345351,0.37744533947065595,0.6810356873375626,1.0,0.6191627816627816,0.7786511428264835,0.101171156123553,0.9690721649484536,0.5951557093425605,2019,0.44135746601382986
A30,0.06113256113256113,0.10025706940874034,0.34724857685009486,0.5563866513233603,0.07391778218707208,0.20523839513948058,0.26499611499611503,0.020026290374503694,0.09397087082071215,0.8487972508591066,0.3598615916955017,2019,0.30660841046452375
